Attribute,Weights
Time,0.9914999999999999
Month,0.0
Year,0.0
WeekDay,0.0
TimeOfDay,0.008500000000000124
Semester,0.0
